Loan Balance,Annual Salary,Defaulted
4.45516,763.71336,0
4.46436,374.89064,0
4.46756,375.75812,0
4.47056,305.5738,0
4.47412,189.69052,1
4.48104,493.93624,0
4.49136,647.85288,0
4.49816,370.71396,0
4.5124,165.79652,0
4.5134,455.89164,0
4.51596,391.37164,0
4.51828,376.99732,0
4.5326,256.81996,0
4.5426,507.93188,1
4.55024,169.10908,0
4.5572,377.26416,0
4.56696,220.28544,0
4.58384,590.00568,1
4.59212,671.39076,0
4.5934,444.07332,0
